{
	"success": true,
	"page": {
		"pageNum":1,
		"list": [
			{
				"appIdentify": "测试系统1",
				"systemExplain": "testSystem1",
				"uploadTime": "2016-08-31 09:33:01",
				"uploadExplain": "王xx",
				"uploadPeoName": "1.3",
				"uploadResult":0,
				"deployStatus": 0,
				"uploadStatus":1
			},{
				"appIdentify": "测试系统1",
				"systemExplain": "testSystem1",
				"uploadTime": "2016-08-31 09:33:01",
				"uploadExplain": "王xx",
				"uploadPeoName": "1.3",
				"uploadResult":1,
				"deployStatus": 0,
				"uploadStatus":0
			},{
				"appIdentify": "测试系统1",
				"systemExplain": "testSystem1",
				"uploadTime": "2016-08-31 09:33:01",
				"uploadExplain": "王xx",
				"uploadPeoName": "1.3",
				"uploadResult":2,
				"deployStatus": 1,
				"uploadStatus":1
			}
		]
	}
}
