{
	"success":true,
	"page": {
		"pageNum": 1,
		"pages": 1,
		"list": [
			{
				"id": "001",
				"serverName": "常住人口信息",
				"ip": "10.125.129.136(RAC)",
				"port": "8080",
				"username": "dwuser_st",
				"password": "dwuser_st"
			},{
				"id": "002",
				"serverName": "暂住人口信息",
				"ip": "10.125.129.137(RAC)",
				"port": "8080",
				"username": "dwuser_st",
				"password": "dwuser_st"
			}, {
				"id": "003",
				"serverName": "出租房屋登记",
				"ip": "10.125.129.136(RAC)",
				"port": "8080",
				"username": "dwuser_st",
				"password": "dwuser_st"
			}
		]
	}
}