{
	"success": true,
	"page": {
		"list": [
			{
				"appIdentify": "测试系统1",
				"systemExplain": "testSystem1",
				"deployEndTime": "2016-08-31 09:33:01",
				"deployPeoName": "王xx",
				"systemVersion": "1.3",
				"statusName": 0
			}, {
				"appIdentify": "测试系统1",
				"systemExplain": "testSystem1",
				"deployEndTime": "2016-08-31 09:33:01",
				"deployPeoName": "王xx",
				"systemVersion": "1.3",
				"statusName": 0
			}, {
				"appIdentify": "测试系统1",
				"systemExplain": "testSystem1",
				"deployEndTime": "2016-08-31 09:33:01",
				"deployPeoName": "王xx",
				"systemVersion": "1.3",
				"statusName": 1
			}, {
				"appIdentify": "测试系统1",
				"systemExplain": "testSystem1",
				"deployEndTime": "2016-08-31 09:33:01",
				"deployPeoName": "王xx",
				"systemVersion": "1.3",
				"statusName": 1
			}
		]
	}
}
