{
	"success": true,
	"page": {
		"name": "测试系统1",
		"id": "testSystem1",
		"lastUpdataTime": "2016-08-31 09:33:01",
		"lastUpdataPerson": "王xx",
		"version": "1.3",
		"status": 1,
		"pageNum": 1,
		"info":"我是关于测试系统1的介绍",
		"list": [
			{
				"status": 1,
				"actionTime": "2016-08-31 09:33:01",
				"actionPerson": "王xx"
			}, {
				"status": 1,
				"actionTime": "2016-08-12 09:48:32",
				"actionPerson": "李xx"
			}, {
				"status": 1,
				"actionTime": "2016-06-19 09:22:29",
				"actionPerson": "李xx"
			}
		]
	}
}
