<?xml version="1.0" encoding="UTF-8"?>
<beans xmlns="http://www.springframework.org/schema/beans"
	xmlns:p="http://www.springframework.org/schema/p" xmlns:xsi="http://www.w3.org/2001/XMLSchema-instance"
	xmlns:context="http://www.springframework.org/schema/context"
	xmlns:mvc="http://www.springframework.org/schema/mvc" xmlns:dwr="http://www.directwebremoting.org/schema/spring-dwr"
	xsi:schemaLocation="
    http://www.springframework.org/schema/beans
    http://www.springframework.org/schema/beans/spring-beans-4.0.xsd
    http://www.springframework.org/schema/context
    http://www.springframework.org/schema/context/spring-context-4.0.xsd
    http://www.springframework.org/schema/mvc
    http://www.springframework.org/schema/mvc/spring-mvc-4.0.xsd
     http://www.directwebremoting.org/schema/spring-dwr  
            http://www.directwebremoting.org/schema/spring-dwr-3.0.xsd">

	<context:component-scan base-package="com.bocom.controller" />
	<context:component-scan base-package="com.bocom.filter" />

	<mvc:default-servlet-handler />

	<!-- 避免IE在ajax请求时，返回json出现下载 -->
	<bean id="jacksonMessageConverter"
		class="org.springframework.http.converter.json.MappingJackson2HttpMessageConverter">
		<property name="supportedMediaTypes">
			<list>
				<value>text/html;charset=UTF-8</value>
			</list>
		</property>
	</bean>

	<mvc:annotation-driven />
	<!-- <mvc:resources mapping="/media/**" location="/media/" /> -->
	<!-- <mvc:resources mapping="/validator/**" location="/validator/" /> -->
	<mvc:resources mapping="/image/**" location="/WEB-INF/pages/image/" />
	<mvc:resources mapping="/js/**" location="/WEB-INF/js/" />
	<!-- <mvc:resources mapping="/ztree/**" location="/WEB-INF/ztree/" /> -->
	<mvc:resources mapping="/sea-modules/**" location="/WEB-INF/pages/sea-modules/" />
	<mvc:resources mapping="/css/**" location="/WEB-INF/pages/css/" />
	<mvc:resources mapping="/data/**" location="/WEB-INF/pages/data/" />
	<mvc:resources mapping="/i/**" location="/WEB-INF/pages/data/" />


	<mvc:resources mapping="/My97DatePicker/**" location="/WEB-INF/My97DatePicker/" />

	<!-- 对模型视图添加前后缀 -->
	<bean id="viewResolver"
		class="org.springframework.web.servlet.view.InternalResourceViewResolver"
		p:prefix="/WEB-INF/pages/" p:suffix=".jsp" />

	<bean id="multipartResolver"
		class="org.springframework.web.multipart.commons.CommonsMultipartResolver">
		<!-- set the max upload size100MB -->
		<property name="maxUploadSize">
			<value>104857600</value>
		</property>
		<property name="maxInMemorySize">
			<value>4096</value>
		</property>
	</bean>

	<!-- <mvc:interceptors> -->
	<!-- <mvc:interceptor> -->
	<!-- <mvc:mapping path="/api/**" /> -->
	<!-- <ref bean="apiInterceptor" /> -->
	<!-- </mvc:interceptor> -->
	<!-- </mvc:interceptors> -->
	<!-- <bean id="apiInterceptor" -->
	<!-- class="com.bocom.support.Interceptor.ApiInterceptor"> -->
	<!-- </bean> -->

</beans>