<?xml version="1.0" encoding="UTF-8" ?>
<beans xmlns="http://www.springframework.org/schema/beans"
  xmlns:xsi="http://www.w3.org/2001/XMLSchema-instance"
  xmlns:p="http://www.springframework.org/schema/p"
  xmlns:context="http://www.springframework.org/schema/context"
  xmlns:aop="http://www.springframework.org/schema/aop"
  xmlns:tx="http://www.springframework.org/schema/tx"
  xmlns:util="http://www.springframework.org/schema/util"
  xsi:schemaLocation="http://www.springframework.org/schema/beans
    http://www.springframework.org/schema/beans/spring-beans-3.2.xsd
    http://www.springframework.org/schema/context
    http://www.springframework.org/schema/context/spring-context-3.2.xsd
    http://www.springframework.org/schema/tx
    http://www.springframework.org/schema/tx/spring-tx-3.2.xsd
    http://www.springframework.org/schema/aop
    http://www.springframework.org/schema/aop/spring-aop-3.2.xsd
    http://www.springframework.org/schema/util 
    http://www.springframework.org/schema/util/spring-util-3.2.xsd">

  <bean id="dataSource" class="com.mchange.v2.c3p0.ComboPooledDataSource" destroy-method="close"> 
    <property name="driverClass"> 
     <value>${c3p0.driverClass}</value> 
    </property> 
    <property name="jdbcUrl"> 
     <value>${c3p0.jdbcUrl}</value> 
    </property> 
    <property name="user"> 
     <value>${c3p0.user}</value> 
    </property> 
    <property name="password"> 
     <value>${c3p0.password}</value> 
    </property> 
    <property name="minPoolSize"> 
     <value>${c3p0.minPoolSize}</value>
    </property>
    <property name="maxPoolSize"> 
     <value>${c3p0.maxPoolSize}</value> 
    </property> 
    <property name="initialPoolSize"> 
     <value>${c3p0.initialPoolSize}</value> 
    </property> 
    <property name="maxIdleTime"> 
     <value>${c3p0.maxIdleTime}</value> 
    </property> 
    <property name="acquireIncrement"> 
     <value>${c3p0.acquireIncrement}</value> 
    </property> 
    <property name="acquireRetryAttempts"> 
     <value>${c3p0.acquireRetryAttempts}</value> 
    </property> 
    <property name="acquireRetryDelay"> 
     <value>${c3p0.acquireRetryDelay}</value> 
    </property> 
    <property name="testConnectionOnCheckin"> 
     <value>${c3p0.testConnectionOnCheckin}</value> 
    </property>
        <property name="automaticTestTable"> 
     <value>${c3p0.automaticTestTable}</value> 
    </property> 
    <property name="idleConnectionTestPeriod"> 
     <value>${c3p0.idleConnectionTestPeriod}</value> 
    </property>
   <property name="checkoutTimeout"> 
     <value>${c3p0.checkoutTimeout}</value> 
    </property> 
 </bean>
    
  <!-- mybatis文件配置，扫描所有mapper文件 -->
<bean id="sqlSessionFactory" class="org.mybatis.spring.SqlSessionFactoryBean">  
    <property name="dataSource" ref="dataSource" />  
    <property name="configLocation" value="classpath:conf/mybatis-config.xml" />  
    <property name="mapperLocations" value="classpath*:mapper/*.xml" />  
</bean>  

      
   <!-- spring与mybatis整合配置，扫描所有dao -->
 <bean class="org.mybatis.spring.mapper.MapperScannerConfigurer"
        p:basePackage="com.bocom.dao" 
        p:sqlSessionFactoryBeanName="sqlSessionFactory"/>
 
   <!-- 对数据源进行事务管理 -->
  <bean id="transactionManager" 
        class="org.springframework.jdbc.datasource.DataSourceTransactionManager"
        p:dataSource-ref="dataSource"/>
        
	<!--配置事务的传播特性 -->
	<tx:advice id="txAdvice" transaction-manager="transactionManager">
		<tx:attributes>
			<tx:method name="add*" propagation="REQUIRED" />
			<tx:method name="save*" propagation="REQUIRED" />
			<tx:method name="del*" propagation="REQUIRED" />
			<tx:method name="update*" propagation="REQUIRED" />
			<tx:method name="submit*" propagation="REQUIRED" />
		</tx:attributes>
	</tx:advice>
	
	<!--哪些类的哪些方法参与事务 -->
	<aop:config>
		<aop:pointcut id="allManagerMethod"
			expression="execution(* *..service.*.impl..*.*(..))" />
		<aop:advisor pointcut-ref="allManagerMethod"
			advice-ref="txAdvice" />
	</aop:config>
</beans>